param,median,p2.5,p97.5
mu(%),0.022924126349646773,-0.2344923289892983,0.28201089487062064
sigma(%),3.0978740043324255,2.8286306539348134,3.3859717205508657
nu,5.552774589863883,3.7747688019281886,9.063588994309903
