param,median,p2.5,p97.5
mu(%),0.029659765339434346,-0.21401159482001736,0.26551352505661435
sigma(%),3.0918901505859626,2.832579396281231,3.3865652877089794
nu,5.523168414605733,3.8004820274893945,8.800020692767177
