param,median,mean,sd,p2.5,p97.5,ess
mu(%),0.029659098792202437,0.029771493204008233,0.12570782609484402,-0.20973655466513325,0.27601897453191626,900.0
sigma(%),3.0625260492197386,3.069380811495703,0.14625802081194578,2.804808428246314,3.3605662135321035,465.24668124546713
nu,5.345664735051164,5.553564350843612,1.317509619790839,3.7512396150891996,8.576716449448737,293.0685598633472
