param,median,mean,sd,p2.5,p97.5,ess
mu(%),0.04275113088516862,0.03285522614766157,0.12448755351517944,-0.19590288075024384,0.2693624298315488,77.88673902720542
sigma(%),3.0888546844375555,3.0749722920741713,0.13883510794016246,2.769267514636752,3.3042232388516766,80.03186594319078
nu,5.404448124114011,5.485052541002209,1.1010664024872092,3.8904783990422787,8.04128792225645,68.30154774008217
