param,median,mean,sd,p2.5,p97.5,ess
mu(%),0.041402151808733266,0.03513059030360777,0.11864328504949802,-0.22039152719257193,0.2510779559421476,77.6833741036619
sigma(%),3.0774082156312783,3.0802765431827948,0.1414242906043778,2.809107911884766,3.35886660261828,119.92331126446376
nu,5.395464036923449,5.55423183885914,1.2090230227612437,3.7020511589276603,8.533871807985387,63.558159841146654
