Metric,Mean,CI_Lower_2.5,CI_Upper_97.5
VaR,-6.091881913396196,-6.5814203059840715,-5.657784689738601
ES,-8.68505293654187,-9.79427400972101,-7.878138580981054
