Metric,Mean,CI_Lower_2.5,CI_Upper_97.5
VaR,-6.079275705688057,-6.54689459756829,-5.640135449780601
ES,-8.669638901313059,-9.728983875547376,-7.8847075260711605
