Metric,Mean,CI_Lower_2.5,CI_Upper_97.5
VaR,-6.088492852846635,-6.523373806949476,-5.5392053260370195
ES,-8.680715298477594,-9.465861731491001,-7.790643888207482
